{
    "generations completed": 10,
    "% train archive full": 0.0714,
    "archive size": 176,
    "QD score": 672242.1875,
    "eval QD score": 164179.6875,
    "% eval archives full": {
        "symmetry-path-length": 0.0176
    },
    "eval archive sizes": {
        "symmetry-path-length": 176
    },
    "eval QD scores": {
        "symmetry-path-length": 164179.6875
    },
    "% elites maintained": 0.2464985994397759,
    "% QD score maintained": 0.24422699222517927,
    "% fresh train archive full": 0.0176,
    "playability": {
        "mean": -65.3409090909091,
        "std": 31.640007231751046,
        "max": -7.8125,
        "min": -179.6875
    },
    "diversity": {
        "mean": NaN,
        "std": NaN,
        "max": NaN,
        "min": NaN
    },
    "reliability": {
        "mean": NaN,
        "std": NaN,
        "max": NaN,
        "min": NaN
    }
}