{
    "generations completed": 10,
    "% train archive full": 0.0714,
    "archive size": 29,
    "QD score": 672242.1875,
    "eval QD score": 26914.0625,
    "% eval archives full": {
        "symmetry-path-length": 0.0029
    },
    "eval archive sizes": {
        "symmetry-path-length": 29
    },
    "eval QD scores": {
        "symmetry-path-length": 26914.0625
    },
    "% elites maintained": 0.040616246498599434,
    "% QD score maintained": 0.0400362592536637,
    "% fresh train archive full": 0.0029,
    "playability": {
        "mean": -72.19827586206897,
        "std": 7.282008552790138,
        "max": -56.640625,
        "min": -89.0625
    },
    "diversity": {
        "mean": 0.2355484616714199,
        "std": 0.0603032480250445,
        "max": 0.3420269423558897,
        "min": 0.1083764097744361
    },
    "reliability": {
        "mean": -2.7060568578529427,
        "std": 0.9823185470006162,
        "max": -0.8113415229262944,
        "min": -4.715022042714515
    }
}