{
    "generations completed": 10,
    "% train archive full": 0.0714,
    "archive size": 1,
    "QD score": 672242.1875,
    "eval QD score": 978.90625,
    "% eval archives full": {
        "symmetry-path-length": 0.0001
    },
    "eval archive sizes": {
        "symmetry-path-length": 1
    },
    "eval QD scores": {
        "symmetry-path-length": 978.90625
    },
    "% elites maintained": 0.0014005602240896359,
    "% QD score maintained": 0.0014561809243785373,
    "% fresh train archive full": 0.0001,
    "playability": {
        "mean": -17.96875,
        "std": 0.0,
        "max": -17.96875,
        "min": -17.96875
    },
    "diversity": {
        "mean": 0.03778978696741855,
        "std": 0.0,
        "max": 0.03778978696741855,
        "min": 0.03778978696741855
    },
    "reliability": {
        "mean": -0.4649989533884674,
        "std": 0.0,
        "max": -0.4649989533884674,
        "min": -0.4649989533884674
    }
}