{
    "generations completed": 10,
    "% train archive full": 0.0714,
    "archive size": 402,
    "QD score": 672242.1875,
    "eval QD score": 359164.0625,
    "% eval archives full": {
        "symmetry-path-length": 0.0402
    },
    "eval archive sizes": {
        "symmetry-path-length": 402
    },
    "eval QD scores": {
        "symmetry-path-length": 359164.0625
    },
    "% elites maintained": 0.5630252100840336,
    "% QD score maintained": 0.5342777784234197,
    "% fresh train archive full": 0.0402,
    "playability": {
        "mean": -107.97574626865672,
        "std": 81.77599292884834,
        "max": 0.0,
        "min": -375.0
    },
    "diversity": {
        "mean": NaN,
        "std": NaN,
        "max": NaN,
        "min": NaN
    },
    "reliability": {
        "mean": NaN,
        "std": NaN,
        "max": NaN,
        "min": NaN
    }
}