{
    "generations completed": 10,
    "% train archive full": 0.0714,
    "archive size": 286,
    "QD score": 672242.1875,
    "eval QD score": 255205.46875,
    "% eval archives full": {
        "symmetry-path-length": 0.0286
    },
    "eval archive sizes": {
        "symmetry-path-length": 286
    },
    "eval QD scores": {
        "symmetry-path-length": 255205.46875
    },
    "% elites maintained": 0.4005602240896358,
    "% QD score maintained": 0.3796332237033249,
    "% fresh train archive full": 0.0286,
    "playability": {
        "mean": -107.36860795454545,
        "std": 85.98891302759166,
        "max": 0.0,
        "min": -515.625
    },
    "diversity": {
        "mean": 0.31896078154301843,
        "std": 0.1259868850840288,
        "max": 0.4755247493734336,
        "min": 0.006794329573934837
    },
    "reliability": {
        "mean": -1.84573892516874,
        "std": 1.2450560770107193,
        "max": -0.004096909563164655,
        "min": -5.27328200919022
    }
}