{
    "generations completed": 10,
    "% train archive full": 0.0714,
    "archive size": 81,
    "QD score": 672242.1875,
    "eval QD score": 76695.3125,
    "% eval archives full": {
        "symmetry-path-length": 0.0081
    },
    "eval archive sizes": {
        "symmetry-path-length": 81
    },
    "eval QD scores": {
        "symmetry-path-length": 76695.3125
    },
    "% elites maintained": 0.11344537815126049,
    "% QD score maintained": 0.11408881192836473,
    "% fresh train archive full": 0.0081,
    "playability": {
        "mean": -48.032407407407405,
        "std": 32.435813443498326,
        "max": 0.0,
        "min": -125.0
    },
    "diversity": {
        "mean": NaN,
        "std": NaN,
        "max": NaN,
        "min": NaN
    },
    "reliability": {
        "mean": NaN,
        "std": NaN,
        "max": NaN,
        "min": NaN
    }
}