{
    "generations completed": 10,
    "% train archive full": 0.0714,
    "archive size": 16,
    "QD score": 672242.1875,
    "eval QD score": 14825.0,
    "% eval archives full": {
        "symmetry-path-length": 0.0016
    },
    "eval archive sizes": {
        "symmetry-path-length": 16
    },
    "eval QD scores": {
        "symmetry-path-length": 14825.0
    },
    "% elites maintained": 0.022408963585434174,
    "% QD score maintained": 0.02205306402315014,
    "% fresh train archive full": 0.0016,
    "playability": {
        "mean": -70.5810546875,
        "std": 7.181179750794448,
        "max": -56.25,
        "min": -85.15625
    },
    "diversity": {
        "mean": 0.18513691455200504,
        "std": 0.07143547579882625,
        "max": 0.30265115914786966,
        "min": 0.04147086466165414
    },
    "reliability": {
        "mean": -2.6273176743123825,
        "std": 1.3020274123907993,
        "max": -0.22400907791776023,
        "min": -4.755669917706755
    }
}