{
    "generations completed": 10,
    "% train archive full": 0.0714,
    "archive size": 9,
    "QD score": 672242.1875,
    "eval QD score": 8851.5625,
    "% eval archives full": {
        "symmetry-path-length": 0.0009
    },
    "eval archive sizes": {
        "symmetry-path-length": 9
    },
    "eval QD scores": {
        "symmetry-path-length": 8851.5625
    },
    "% elites maintained": 0.012605042016806721,
    "% QD score maintained": 0.013167222564412473,
    "% fresh train archive full": 0.0009,
    "playability": {
        "mean": -13.88888888888889,
        "std": 6.138079697799892,
        "max": -7.8125,
        "min": -23.4375
    },
    "diversity": {
        "mean": NaN,
        "std": NaN,
        "max": NaN,
        "min": NaN
    },
    "reliability": {
        "mean": NaN,
        "std": NaN,
        "max": NaN,
        "min": NaN
    }
}